브랜드,상품명,가격
에이제트에이치,프로페셔널 플랫 헤어 스트레이트,149000
무한도전,무한상사 반팔,39000
아디다스 컴뱃 스포츠,커뮤니티 라인 티셔츠 CLTS26CS1,19990
크록스,에코 시티 어드벤처 클로그 - 엘리펀트 / 213115-1LM,119000
룰루레몬,루나 뉴 이어 원더러스트 백팩 스몰 14L LTIV,184000
키뮤어,[크롭] 배색 롤업 크롭 반팔 티셔츠_블랙,39600
크록스,성인 바야밴드 클로그 BKW (26SUCL205089),64410
크록스,여성 바야 플랫폼 클로그 WWT (26SWCL208186),68710
키뮤어,[크롭] 배색 롤업 크롭 반팔 티셔츠_버건디,39600
비오템,오 비타미네 바디 밀크 400ml 세트(+오 비타미네 바디밀크 200ml),58400
비오템,"아쿠아파워 올인원 200ml 듀오 세트 (+64,000원 상당 샘플 증정)",89600
디미트리블랙,배색 레이어드 롤업 반팔 티셔츠_피그먼트 차콜,27900
디미트리블랙,[여름용] VLAD 원턱 커브드 트랙 팬츠_립스탑 3 COLOR,27900
컨버스,컨버스 X 마츠이 척 70 에그렛 A21361C,105000
뉴발란스,NBRJGS450B / FLAT BREEZE / SD2601BK (BLACK),139000
쿨시스,CS CAPRI PANTS-072,98100
엄브로,2PACK 반팔 티셔츠 화이트/블랙 UR111CRS20,49900
키뮤어,[크롭] 스트라이프 레이어드 헨리넥 반팔 티셔츠_차콜,48600
디미트리블랙,VLAD 빈티지 ARCH 링거 티셔츠_2 COLOR,24900
무한도전,호랑이 팬티 인형 키링,19000
데상트,컴포트핏 백그래픽 반팔 티셔츠 화이트 SR123UTS16,65000
아카이브앱크,Formica core sneakers(Mesh black)_OK1DX26052MBK,161100
디미트리블랙,배색 레이어드 롤업 반팔 티셔츠_피그먼트 네이비,27900
코이리스,크레용 말 그래픽 반팔 티 (4컬러),29900
247시리즈,크리즈 와이드 워크 팬츠 BLACK,80100
엑스오엑스,피그먼트 워싱 뒷절개 반팔 티셔츠 (5color),29600
엘엠알,모티프 자수 스트라이프 레이어드 반팔 티셔츠 GREEN,39780
스웨이드,UTILITY CARGO SHORTS [NAVY],79800
데프가먼츠,METAL STUD TOTE BAG [3COLOR],59250
데이,[썸머] 소프트쿨 원턱 풀밴딩 팬츠_6 COLOR,33000
노스페이스,NM2DS10K 화이트라벨 미니샷 WHITE SAND,119000
노이아고,NOI1846 시그니처 라이트 캠프캡 (8color),29200
타미진스,린넨 블렌드 데님 셔츠 원피스 (T32G1NOP02TWL11AP),239000
노티카,오션 토템 티셔츠(4colors) NTS5546,33150
트릴리온,[기획] 커브드 와이드 절개 코튼 팬츠_5color,25500
트릴리온,에센셜 와플 크롭 반팔티_5color,21300
마하그리드,[진격의거인] AOT POSTER TEE WHITE(MG2GMMT503T),59000
아디다스,멕시코 26 써드 저지 - 블랙 / JL8545,119000
펀치드렁크파티즈,SWEET HURT Mesh Cap (BLACK),46500
허그유어스킨,빈티지 패턴 미디 스커트 (블랙 데님),117300
데케트 우먼,Low Rise Capri Jeans DCWPT023CPBLACK,58500
길라아카이브,DANGER GIRL CROP T-SHIRTS_YELLOW,37800
썸플레이스,엔젤 비즈 체크 배색 스트랩 포인트 레이어드 프릴 반팔 티셔츠 [브라운],31900
언탭트 스튜디오,워셔블 쿨 코튼 리브드 반팔 카라 니트 5COLOR,25620
캘빈클라인 언더웨어,남성 마이크로파이버 스트레치 밸런스 로우 라이즈 트렁크 3PK_NP2824O5RN,79100
오니츠카타이거,ROTEMIT 1183C614_750,230000
디미트리블랙,[여름용] VLAD 커브드 밴딩 카고 팬츠_브라운,31900
글로니,G ENCORE STRIPE BIKINI BOTTOM (NAVY STRIPE),52200
나이키,샥스 라이드 2 M - 블랙 / IO4296-002,229000
나이키,에어 맥스 TL 2.5 M - 화이트:메탈릭 실버:블랙 / FZ4110-106,229000
드로우핏,코튼 헨리넥 하프 티셔츠 [3color],32400
무드인사이드,[2STYLE] 텐셀 레이어링 하프티,29900
디미트리블랙,VLAD 빈티지 PEACEMAKER 링거 티셔츠_4 COLOR,24900
셀렙샵에디션,26SS 마스터핏 린넨블렌디드 스판데님,75900
전북현대모터스FC,BLACK LABEL : unexpected charm 필드홈 풀마킹(김진규),219000
유희,[KORILAKKUMA] LACE OFF-SHOULDER T-SHIRTS WHITE,59900
키뮤어,[크롭] 오프비트 선데이 크롭 반팔 티셔츠_멜란지 그레이,44100
아디다스,아디스타 4 - 클라우드화이트:클리어오렌지 / JP6580,110990
아디다스,파이어버드 아딜레늄 트랙탑 - 레드:화이트 / KD6296,110990
마크모크,Kkotci 꽃씨 베이직 리본 자수 쿠션 플랫_7colors,74250
카네이테이,CHECK HALF SHIRT (BLACK),55200
오니츠카타이거,오버사이즈 그래픽 티셔츠 2183B561_400,110000
네오테리아,VITANO · WHITE,71820
디미트리블랙,[여름용] VLAD 커브드 밴딩 카고 팬츠_카키,31900
닉켈하우스,닉켈 26 동키 후드집업,109000
리복,클럽 C 85 GL - 화이트:검 / 100259127,109000
룰루레몬,스위프틀리 릴랙스드 롱슬리브 셔츠 *업데이트 핏 WHWH,109000
더티스,SCALLOP GARDEN LACE SKIRT_TT6S506IV,219000
레이밴,[Ray-Ban Meta]WAYFARER 선글라스 - 샤이니 블랙 / 0RW401260171,655000
디미트리블랙,페이드워싱 데님 트러커 하프 셔츠_빈티지 블랙,33900
드릭스,워셔블 린넨 머슬핏 헨리넥 하프 니트_5color,30600
247시리즈,다이드 워싱 하프 셔츠드 자켓 CHARCOAL,107100
반스,프리미엄 어센틱 44 - (서울) 블랙:화이트 / VN000EAABPB1,109000
프로젝트 웨이브,Straight Belt Denim,70800
언탭트 스튜디오,투턱 와이드 치노 코튼 팬츠 4Color,29940
더노피,써니 4cm 키높이 소프트 레더 플립플랍 블랙 쪼리 [225~290mm],42800
나이키,ACG 에어리즈 UV 프로텍션 재킷 M - 블랙:서밋 화이트 / IF2105-010,155000
아디다스,메가라이드 F50 - 카본:블랙 / KI3646,190990
디미트리블랙,[여름용] VLAD 커브드 밴딩 카고 팬츠_블랙,31900
제너럴아이디어,셔츠 카라 피케 하프 니트 [NAVY] / GF2LKP531,65000
알리스,웨스턴 리니어 솔리드 크롭 하프 셔츠 [블랙],58500
살로몬,블라스트 카고 팬츠_LD0040700,190000
낫포너드,Hidden Symbol Distressed Denim Pants - Deep Blue,94500
룰루레몬,원더러스트 백팩 스몰 14L *파라코드 WKKI BRKT,184000
아디다스,재팬 데콘 KJ6213,189000
나이키,보메로 18 SE M - 소닉 옐로우:피트 모스:다크 옵시디언:다크 헤이즐 / IQ3413-704,189000
밈더워드로브,313 프린팅 티셔츠_그레이,36750
비터셀즈,로즈 페탈 티-화이트,46550
세터,로렌 피케 폴로 반팔 티셔츠 멜란지 그레이,62300
헤트라스 뷰티,더블샷 퍼퓸 바디미스트 120ml 1개입,10900
스컬프터,Lazy Sleeveless Layered Tee Mint,62100
아캄,Dino Patch Half Top (White),62100
수아레,텐셀 린넨 크롭 하프 셔츠 - 6 COLOR,36900
오찌,[:DOT EDITION] 도트 토피 클로그 FLOTGA1W48,79900
룰루레몬,홀드 타이트 숏슬리브 헨리 BLK,93000
디오스피스,(DUC) BB Layered One-Shoulder T-Shirt Black,46400
이미스,(W) 3PACK T-SHIRT SET B (WH/PB/CH),62000
브렌슨,리피드 스트라이프 반팔티 ( 4Color ),14990
무신사 스탠다드,[쿨탠다드] 레귤러 크루 넥 티셔츠 [화이트],19900
글로니,G SCOOP NECK WAFFLE BODYSUIT (BLACK),58500
스파오,U.S.A 쇼츠_SPMTG37G51,29900
일리고,보우 펌킨 스커트 팬츠 차콜,92000
아디다스,바리케이드 14 JR1743,179000
트릴리온,내츄럴 리조트 롤업 하프 셔츠_3color,29990
스파오,[개구리 중사 케로로] 반팔 티셔츠(MIX)_SPRLG25U15,25900
테이크이지,[기획] (2PACK 코튼 270g) 피그먼트 크롭 티셔츠 - 3 COLOR,35900
오드스튜디오,키치 스템프 핀턱 오버핏 티셔츠 - GRAYISH BLUE,35500
페이더먼트,메이드 스크래치 데미지 스웨트 팬츠(Ivory),29650
트릴리온,[기획] 커브드 와이드 절개 생지 데님 팬츠_블랙,29900
워크온바디오프,이지온 세미 오버핏 헨리넥 반팔 니트 [블랙],29900
닉켈하우스,닉켈 26 동키 링거 티셔츠,45000
디키즈,트리 로고 링거 티셔츠 Navy,59000
피렌체 아뜨리에,[SECOND.A] 볼륨 라운드토 5CM 더비슈즈 2NDF2700GB [BLACK],89600
투머치택스,타로 02 와플 집업 후디 화이트,180000
스켈리웩,썸머 메가 와이드 아일렛 트레이닝 팬츠[그레이],34990
올세인츠,헤이븐 레더 토트백 M091XD-5,538000
아식스,젤-카야노 14 - 크림:블루코스트 / 1203A740-104,179000
마틴콕스,MoodCurve - Leopard Beige,19510
뉴에라,오라클 레드불 레이싱 메쉬 티셔츠 네이비,89000
드로우핏,피그먼트 코튼 헨리넥 하프 티셔츠 [CHARCOAL],35100
무신사 스탠다드,크링클 린넨 라이크 와이드 밴딩 팬츠 [카키 그레이],44890
예스아이씨,Y.E.S Plamodel Tee Grey,44000
로파이,허밋 리어커브드 카고 팬츠 (워시드 블랙),89600
유니온스튜디오,로그 헨리넥 크롭 반팔티 ( 3Color ),12990
루미르,라이트 온 아이즈 섀도우 팔레트,29000
디미트리블랙,[10주년기획] © 모두의 커브드 치노 팬츠_4 COLOR,29900
노스페이스,NS6NS02J 화이트라벨 브리오 쇼츠 BLACK,88000
인사일런스,고트 스웨이드 진 자켓 DARK BROWN,528700
크록스,에코 웨이브 - 본 / 210521-2Y2,99900
허그유어스킨,캔디 버튼 루즈 티 (핑크),58500
패리티,럭색 나일론 백팩+키링 세트,175500
빈트릴,빈티지 해시태그 오버핏 반팔티(블랙),43200
배드블러드,레이스 레이어드 디스트레스드 조거 - 블랙,170100
데상트,쿨링 트리코트 워딩 백그래픽 반팔 티셔츠 화이트 SR223ETS58,69000
푸마,메모리아 샌들 - 실버:페더그레이 / 406430-02,99000
로템버,[패션플래닛 X 로템버] 릴렉스드 원 턱 와이드 슬랙스 [ 2 COLOR ],57600
디미트리블랙,VLAD 원턱 커브드 컷오프 스웻 팬츠_피그먼트 차콜,28900
이알티알,Cosmic Girl Pique T-Shirt Navy,68400
크록스,성인 바야밴드 슬라이드 BKW (26SUSL205392),42910
애쓰,HARD PIECE Mail Bag_Blue,58650
토마스모어,실키 반팔 셔츠 - 블랙,56710
아모우,Trouble Half T-Shirts Gray,33600
쿠어,린넨 블렌드 스탠 카라 니트 집업 (차콜),171000
무신사 스탠다드,[쿨탠다드] 메시 프리컷 브이 넥 슬리브리스 언더셔츠 [블랙],15090
이크닉,104 west buckle sandals,170050
아모우,Runing horse Ringer T-shirts IVORY,33600
토마스모어,하프 사커 티 - 데이지 (멜란지),33910
로라로라,ROLA CAT FRIENDS OFF SHOULDER T-SHIRT WHITE,56000
비터셀즈,투웨이 스퀘어 빅 백-스트라이프,83600
무르,Nuovo Hobo mini Nylon(3color),77720
언탭트 스튜디오,쿨 라이크 린넨 크로쉐 카라 반팔 니트 5COLOR,25620
쿨시스,CS SUMMER SNAP OFF TOP-070 (BLACK),61200
나이키,에어 맥스 95 빅 버블 M - 블랙:앤트러사이트 / HM8755-001,229000
슬릭글로우,사이드 셔링 버뮤다 스웨트 팬츠[블랙],29900
이크닉,102 soft-modular wedge boots / beige,227050
무신사 스탠다드,릴렉스드 린넨 블렌드 셔츠 [화이트],37390
헨리코튼,[British Sporting Club] Short-Sleeves Polo Shirt ABTAM26701WHX,152100
토마스모어,린넨 반팔 셔츠 - 틸그린,75520
무신사 스탠다드,[시티 레저] 유틸리티 트레일 베스트 [블랙],59890
아디다스,파이어버드 루즈 트랙 팬츠 - 나이트인디고 / KC9018,109000
아웃스탠딩,[MUT lab] M-1943 FIELD JACKET_OLIVE GREEN,151200
레이즈미야,유이 러플 블라우스 [BABY PINK],151050
썸플레이스,미디 프릴 스트랩 와이드 5부 하프 코튼 베이직 팬츠 [카키],37200
트루릴리젼,TRUE GLORY CAP_WASHED BLACK,75050
티엔지티,Striped Polo Washable Knit (Greyish Brown) TNSW6E202W2,75050
반스,클래식 슬립온 - 팝 핑크:블랙 / VN000D6YPIB1,75000
유라고,Silky lace bustier,74800
데케트,[패션플래닛X데케트]Slit Pocket Short Shirts DCSH015,49600
드로우핏,시어서커 체크 롤업 하프 셔츠 [NAVY],49500
와이쓰리,아디오스 프로 4 - 화이트 / KI6875,449000
에이지오디,스냅 버튼 커브드 팬츠 [로우 인디고],29400
하나히,Hidden pocket skirt pants BLACK,145000
지오송지오,아나톨 아트워크 카라 티셔츠 화이트 ZI3TS376WH,220500
룰루레몬,심리스 와이드 헤드밴드 BLK SOGY,29000
쿠어,백 사이드 블루 틴트 진스 (투톤블루),148500
쿨시스,CS SLIM U-NECK 3/4 TOP-069 (BLACK),44100
노노어,오버 듀 립펜슬 1.4 g[매트] (9종 택1),14250
아웃스탠딩,JAPANESE TENJIKU JERSEY TUBULAR TEE_1%OATMEAL,48600
벤힛,MRT 비비드 슬림핏 반팔티,28500
디미트리블랙,[10주년기획] © 모두의 써머 울 하프 니트_카라/라운드 8 COLOR,24900
여밈,[×미세키서울] puff bag (black dot),142200
스파오,여성 세미 오버핏 반팔 셔츠_SPYWG25G01,35900
나이키,스포츠웨어 우븐 트랙 재킷 M - 배스트 그레이:블루 제이 / IR6674-078,145000
오찌,[:DOT EDITION] 로미타 플랫폼 발레리나 도트 메리제인 FLOTGA1W86,75910
무신사 스탠다드,워셔블 수피마 코튼 헨리 넥 반소매 니트 (5 colors),47390
러프넥,Asymmetric Panel Skirt Black,71100
카사카사,Pleated Curve Pants Black,143650
무신사 스탠다드 홈,40수 200g 호텔 수건 10팩 [그레이 스트라이프],56700
네거티브쓰리,Knee-High Slouchy Long Boots_Dusty Grey,430200
페플리,Washed Denim Boots Cut Pants (Blue),71400
어널러코드,아카이브 버뮤다 팬츠 (3color),29400
러프넥,Lace Layered Sleveeless Ash Lavender,44100
배드블러드,701 Semi Curved Fit Pants - Gray,143100
아디다스,도쿄 메리제인 - 화이트:할로블루 / KI3033,139000
패리티,럭색 피코 실버그레이,80850
마크모크,Poldot 폴닷 캐쥬얼 도트 패턴 경량 샌들 (4.5.cm),71760
홉드,홉드 벨트백 - 다크 베이지,142200
디미트리블랙,하와이안 크로쉐 니트_4 COLOR,27900
아떼,비건 릴리프 무기자차 선크림 50ml 듀오 세트,22900
미엘솜므,스트라이프 커플 잠옷 파자마 세트,22900
아캄,Tactical Half Top (Black),71100
레더리,레이어링 숄더 앤 크로스백 [BLACK],71100
플레어업,Layered Crinkle Check Skirt (FL-269_Black),141550
하나히,Low pocket pleated skirt GREY,132000
아디다스,리버풀 FC 어웨이 저지 95 - 화이트:그린 / KA8093,131990
보나메두사,오렌지 스킨 딜리트 라벤더 미니 10g,25800
일리고,셔링 홀터 탑 핑크,66000
더콜디스트모먼트,TCM stripe logo patch cap (black),43200
톰 브라운,페블 그레인 헥터 싱글 카드 홀더 - 블랙 / UAW085A00198001,392000
미치코런던 스포츠,숄더 라인 머슬핏 카라 니트 멜란지 그레이,64800
올세인츠,하트에이크 리사 티셔츠 W081JE-10,130000
하이스쿨디스코,스트라이프 리본 퍼프소매 숏슬리브_메란지그레이,43200
젝시믹스,[SET] 에어 메쉬 맨즈 세트 XML2TS1103_XML2PS1105,63800
엑스오엑스,베이직 쿨 헨리넥 크롭 반팔 니트 [BLACK],44100
베이프,ABC 카모 콜리지 티셔츠(M) WHITE/GREEN,129000
아디다스,아디뮬 슬라이드 - 골든베이지 / JR3587,129000
뉴발란스,NBNKG3W612 / WOMEN FROZEN 우븐 스트레치 카라형 원피스 (BLACK),129000
엄브로,FUSE (퓨즈) 카키 UR123CTP31,129000
아식스,젤-1130 - 세피아 브라운:드리프트 우드 / 1203B045-200,129000
데상트,스위스 트라이애슬론 폴로 반팔 티셔츠 블랙 SR221IPS53,129000
말본 골프,말본 스크립트 유니 라운드 티셔츠 NAVY,129000
아머리 엑스,숏슬리브 티-핑크 플로이드 투어 1994,92650
아테즈,AERO 액션 선글라스 홀더 볼캡 [블랙],32800
썬릿,데님 호보백 (블랙),63750
아디다스,테렉스 아그라빅 SL W - 블랙:그레이 / KH8804,189000
비오템,"[토너+로션] 아쿠아파워 2-STEP 세트(+63,000원 상당 토너 정품용량 증정)",124000
카이야,shrring high neck tee,64000
후브스,오버랩 헨리넥 크롭 반팔티 [차콜],42700
포레덤,더마 릴리프 크림(120ml),62400
송지오,송지오옴므 플로럴 엠브로이드 티셔츠 블랙 SI3TS300BK,379050
취,취 오드퍼퓸 미니 트리오 세트,59000
뉴에라,오라클 레드불 레이싱 포에버 티셔츠 네이비,59000
팬시클럽,이비자 라인스톤 티 (MINT) F26QB401,49840
비플레인,[SET] 아쿠아 퓨어 히알루로닉 크림 2개 + 세럼 2개 (증정: 멀티 히알루론산 마스크 5매),49800
바우프,3 logo 도트 슬림핏 티셔츠 [민트 블루],41650
닉켈하우스,닉켈 베이직 동키 티셔츠,42000
아디다스,가젤 로우 프로 - 블랙:초크화이트 / IH1929,125990
고스트리퍼블릭,크롭 스트라이프 배색 롤업 반팔티 GT-392_블랙,24900
페르노브,에센셜 크롭 티셔츠 3color,15600
메인부스,[KISS] 엔드 오브 더 로드 티셔츠(블랙),62400
언탭트 스튜디오,시티보이 오버핏 라이크린넨 타탄 체크셔츠 3Color,25680
아디다스,레이스 브랜딩 티 - 샌디핑크 / KS6561,40990
글랙,GP179 파소콘 키링 버뮤다 데님 팬츠 (INDIGO),62300
본투윈,[2 PACK] ESSENTIAL PACK REGULAR FIT T-SHIRTS [BLACK WHITE],62300
해브어웨일,buckle two-way bag (BD),125100
팬시클럽,마이 리밋 데님 팬츠 (INDIGO) F26QD155,70900
아캄,AKM Horse Half Top (White),62100
999휴머니티,휴먼 웨이브 하프 티셔츠 (퍼플 차콜),62050
쏘비,NWWW 오버핏 반팔티,24510
트릴리온,(카라/헨리넥) 워셔블 데일리 반팔 니트_8color,29900
필루미네이트,원턱 커브드 린넨 팬츠-블랙,29900
킨치,ZOD - 740 (a),369550
허그유어스킨,페어리 니들워크 티어드 드레스 (그린),123250
락케이크,Curve Line Corset Blouse - White,69920
키뮤어,[크롭] 스트라이프 레이어드 헨리넥 반팔 티셔츠_블랙,48600
슬로우애시드,워시드 스탬프 반팔 티셔츠 [네이비],40500
더콜디스트모먼트,TCM alphabet T (lemon),40500
왁,Seersucker hoodie vest WWVAM26520BUL,350000
지오송지오,타임리스 테이퍼드 팬츠 라이트 베이지 ZI2PT294LE,116550
뚜오미오,ASYMMETRIC COLLAR TOP [HEATHER GREY],83700
1993스튜디오,W 베이직 링거 티셔츠 (3colors),28900
랜 아카이브,[0123] 새깅 밴드 와이드 스웨트 팬츠 - 블랙,116100
어나더 오피스,Huge Garment Shirt (Faded Gray),116000
데꼬로소,자가드 텍스처 스트라이프 린넨 셔츠 [애쉬 그레이],65800
보르하트,헤일 투더 스페이스 박스 티 - 레드,57800
무신사 스탠다드 홈,40수 200g 호텔 수건 10팩 [블랙 스트라이프],56700
보스,Vibe 퀵 드라이 스윔 쇼츠 50518968_436,114750
뉴발란스,NBPDGS196S / MT10OAB (SILVER),169000
라코스테,남성 프렌치 레귤러핏 베이직 폴로 셔츠 PH731E-56G 031,169000
나이키,페가수스 42 W - 화이트:울프 그레이:쿨 그레이:메탈릭 실버 / IB1881-102,169000
엄브로,REVENGE PREMIUM PLUS (리벤지 프리미엄 플러스) 블루 UR123STF10,169000
룰루레몬,그루브 하이라이즈 와이드 레그 팬츠 *아시아 핏 GGRE,169000
무신사 스탠다드 홈,40수 200g 호텔 수건 10팩 [다크네이비],56700
언타이틀 서울,유니콘 타이포 링거 크롭 반팔 네이비,27800
오와이,FRAYED EDGE TEE - MELANGE,53100
토마스모어,튜블러 티 (7 Color),22510
캠퍼,Don K101089-001,340200
맥,NEW 파우더 키스 헤이지 매트 립스틱,37800
언타이틀 서울,유니콘 헨리넥 롱슬리브 아이보리,37800
무신사 스탠다드,데님 반소매 웨스턴 셔츠 [미디엄 인디고],55900
브렌슨,[에어셀] 네오코지 버뮤다 다트 반바지 ( 4Color ),27900
노이스,TRUCKER WORK JACKET - DARK NAVY,339000
필루미네이트,데미지 워시드 데님 팬츠-3Color,27600
휠라,글리오 실버문(FS261OD03X032031),109000
코소,CC 비치 아트웍 반팔 티셔츠 (6 COLORS),28400
르아브,와플 버튼 헨리넥 하프 티셔츠 블랙,55800
스퀘어라인,NOX Mini 녹스미니_ Black,112100
매든,매든 X 수베니어 삼청 댕댕런 그래픽 티셔츠 블랙,37000
무신사 스탠다드 우먼,우먼즈 나일론 호보백 [블랙],55710
무신사 스탠다드 홈,냉각 휴대용 선풍기 [그레이],36900
쿨시스,CS SLIM U-NECK 3/4 TOP-069 (NAVY),44100
키뮤어,[크롭] 플래시무브 링거 크롭 반팔 티셔츠_버건디,44100
디스이즈네버댓,T-Logo Tee Washed Black,55000
아워세이아워,체크 투스타 아플리케 자수 반팔티 화이트,36800
푸마,KING 20 PRO CAGE,111300
무신사 스탠다드,더블 니트 원 턱 와이드 라운지 스웨트 팬츠 [브라운],36690
오피쉬,"Shirring U neck T-shirts, Mint",55250
아디다스,삼바 OG - 알루미나:아우라커피 / IH4388,110990
아디다스,슈퍼스타 II - 블랙 / IH1612,110990
아디다스,핸드볼 스페지알 - 블랙:다크브라운 / IH6568,110990
무신사 스탠다드,[시티 레저] 3WAY 벨티드 멀티 카고 팬츠 (4 colors),109900
캘빈클라인 진,인더시티 이지핏 링거 티 블랙 4RF297G UB1,51750
지프,트랙 오픈카라 와플 반팔 티셔츠 (JR5TSU128IV),62900
마인드브릿지,[ON]워셔블 코튼 혼방 카라 반팔 니트 - 3color,35900
제이엘브,레귤러핏 크롭 숏슬리브,36100
로타입,Crack Logo Lace Sleeveless - White,36100
이알티알,Harmless T-Shirt White,54900
에잇세컨즈,크레이프 밴딩 와이드핏 슬랙스 블랙,54900
쌤소나이트 레드,VEYON Backpack BLACK,110000
매드고트,위켄드 캔버스 토트 숄더백_버건디,109900
네거티브 스플릿 클럽,에어벤트 타이다잉 레이싱 티셔츠 (오로라),79000
스키즘 인듀싱,ENGINEERED CURVED PANTS BLACK,106200
스켈리웩,썸머 메가 와이드 아일렛 트레이닝 팬츠[블랙],34990
썸플레이스,하이넥 버튼업 스트라이프 언발 셔링 포켓 스트랩 후드 반팔 티셔츠 [차콜],34900
999휴머니티,빅 포켓 배기 데님 팬츠 (라이트 블루),155550
케이투,시원서커 ICE WAFFLE 폴로 W_Sky Blue,105000
나이스고스트클럽,X COWBOY BEBOP KV TEE_BLACK(NG2GMUT502D),49000
투에이엔,베러미 아이팔레트,19000
나이키,[마킹] 대한민국 2026 스타디움 어웨이 드라이 핏 축구 레플리카 저지 M - 스페이스 퍼플:애미시스트 틴트:글로벌 블루:라이트 리퀴드 라임 / IB5386-567,135000
노이어,슬렌트 헨리넥 티셔츠 (블랙),52200
파브레가,컷오프 크롭 롱 슬리브 (멜란지),52200
마리끌레르,컬러블록 패치 나그랑 반팔 티셔츠(MAGBTS02MNY),48750
푸마,도르트문트 KING 저지,104300
글랙,GZJ001 시어 레이스 자켓 (WHITE),104250
무신사 스탠다드,[쿨탠다드] 브이 넥 언더셔츠 [화이트],13190
락피쉬웨더웨어,BLISS HEEL STRING SNEAKERS - 6 colors,101100
아디다스,핸드볼 스페지알 로우 프로 - 샌드:실버메탈릭 / KI0910,103990
카이소,피스 심볼 데님 빈티지 블루,153000
에트오소메,Cut-Out Open Long Sleeve (Dark Gray),58650
더 드리머,Double Knee Denim Bermuda - Black,103200
디미트리블랙,[핏 선택] 에센셜 버뮤다 / 커브드 데님 하프 팬츠_5 COLOR,24900
야세,송이송이x야세 플랫폼 도트 스니커즈 라이트 그레이,152150
메인부스,Destroyed Camo Trucker Jacket(CAMO),102900
헤링본,퀵드라이 여자 스포츠 쇼츠 런닝 헬스 수영 운동 반바지 (6color) / TJ603W,33900
레이즈미야,유이 러플 블라우스 [IVORY],151050
라이즈앤빌로우,슬릭라이트 S265 치노팬츠 BLACK,151050
칼라파타르,X-RAY ULTRA LIGHT WINDBREAKER - BLACK,99200
바이오레시피,[2개] 바이오레시피 1초 데미지케어 헤어팩 300g/ 손상모복구 LPP 트리트먼트 단백질 헤어클리닉,102000
우포스,[OOahh +] 블랙 남여공용 슬라이드,99000
뉴에라,오라클 레드불 레이싱 메쉬 셔츠 네이비,99000
더 릴,Double Layered Tee_Charcoal,49400
베르만 어패럴,VRM 프레임 코튼 머슬핏 티셔츠 2color,32900
언리시아,언리시아 글리터피디아 아이 팔레트,25000
미즈노,[3PACK] 퍼포먼스 쿨토시 -손목/손등커버형[6color],19900
마인드브릿지,[ON]워셔블 스트라이프 헨리넥 반팔 니트 - 2color,39900
디미트리블랙,VLAD VTG 트랙 아트웍 반팔 티셔츠_피그먼트 차콜,24900
아디다스,핸드볼 스페지알 - 레오파드:아이보리 / KI6678,100990
플레어업,Asymmetrical Draped Long Skirt (FL-263_Black),98000
아디다스,아르헨티나 어웨이 저지 2006 메시 - 다크블루 / JN3709,149000
뉴발란스,NBPDGS400B / U7403FT (BLACK),149000
나이키,에어 리프트 W - 블랙 / IR1226-002,149000
아디다스,3-스트라이프 집 트랙탑 - 블랙 / HZ0849,149000
폴로 랄프 로렌,폴로 스포츠 트윌 볼 캡-네이비,149000
키뮤어,[크롭] 배색 롤업 크롭 반팔 티셔츠_화이트,39600
엄브로,2LAYER 볼캡 브라운 UR223CCP53,49900
브라운야드,"하프 워크 셔츠, 아이보리",148000
기준,Cowl Mini Dress Brown,148000
오니츠카타이거,그래픽 티셔츠 2183B620_001,100000
리스키,비 볼드 립 글로스 (16 Colors),19800
아디다스,아딜렛 OG 컴포트 - 블랙:화이트 / KJ6923,32990
말본 골프,M 로고 포인트 볼마커 벨트백 NAVY (WOMAN),299000
데꼬로소,이지 레이어드 헨리넥 반팔 티셔츠 [네이비],46500
코이리스,넥소 스트링 와이드 스웻 팬츠 (2컬러),32900
텍스,TX409 버뮤다 데님 쇼츠 (카키),33200
나이스고스트클럽,X COWBOY BEBOP SWORLDFISH2 TEE_WHITE(NG2GMUT500D),49000
룰루레몬,소프트 저지 클래식 핏 팬츠 *쇼터 BLK,138000
이아,LAYN STITCH LINE SKIRT (CREAM),138000
썬러브,Sunlove x Island Slipper Classic Suede Navy Gingham,279000
아디다스,브링백 리믹스 아르헨티나 저지 - 클리어블루 / KD5982,279000
나이키,에어 맥스 Dn8 레더 M - 플랙스:포너 브라운 / IB6381-200,279000
데상트,델타프로 EXP V3 네이비 화이트 SR113RRN11,279000
페넥,HEARTY FRAME BRIDGE WALLET - LEOPARD BLACK,93100
룰루레몬,스위프틀리 테크 숏슬리브 셔츠 2.0 *웨이스트 렝스 BLK BLK,93000
룰루레몬,스위프틀리 테크 숏슬리브 셔츠 2.0 *웨이스트 렝스,93000
룰루레몬,에브리웨어 백팩 미니 4L *메탈 하드웨어 LTIV WKKI GOLD,93000
헤지스,[HIS] 블랙 린넨 버뮤다 쇼츠,92650
팀버랜드,(여성) 스톤 스트릿 6인치 레이스 워터프루프 부츠 - 토프 / A2H3C-ET5,276990
스파오,[링클프리] 반팔 드레스 셔츠_SPDRG24M01,29900
네이키드서프클럽,스터드 워싱 트랙 팬츠 (Charcoal),92200
무신사 스탠다드 우먼,우먼즈 라운드 헴 티셔츠 [화이트],15110
루즈슬립오버,소프트 러플 블라우스 *애쉬 세이지,91800
비바셔스,링클 브이넥 크롭 가디건_2Colors,45600
미즈노,FLAT RUNNING VEST_33YY2612,89000
네거티브 스플릿 클럽,에어벤트 타이다잉 레이싱 후드슬리브 (미드나잇),89000
데상트,남성 백그래픽 오버핏 반팔 티셔츠 라이트 브릭 SR321TTS74,89000
비디오자키,[경계X비디오자키] 비키걸스 티셔츠 [화이트],45900
쿠어,인디고 블루 워시드 배기 핏 진스 (인디고),135000
나이키,조던 플라이트 시카고 파라슈트 팬츠 W - 블랙 / IF1169-010,135000
탄산마그네슘,포니 아플리케 티셔츠 (그레이),65550
탄산마그네슘,마운틴 롱슬리브 (화이트/블랙),65550
톰 브라운,페블 그레인 노트 컴파트먼트 카드 홀더 - 그린 / MAW031L00198350,273000
리브레너,베이직 쿨코튼 무지 크롭 반팔티셔츠 화이트,15300
러프넥,Waist Tie Dress,90900
쿨시스,CS SNAP PARACHUTE PANTS-071 (IVORY),134100
필루미네이트,세미 크롭 톤온톤 스트라이프 티셔츠-3Color,29900
디미트리블랙,VLAD 컷오프 아플리케 반팔 티셔츠_4 COLOR,29900
워크온바디오프,이지온 세미 오버핏 라운드넥 반팔 니트 [네이비],29900
언탭트 스튜디오,워셔블 쿨 코튼 아란케이블 반팔 카라 니트 4COLOR,29890
플라스티카나,Surfana,65000
무신사 스탠다드 홈,쿨탠다드 냉감 패드 SS (2 colors),44900
오데스,로우 엣지 러플 블라우스 - 네이비,133200
엘리자베스 스튜어트,[도트메쉬추가] 플랫폼 키높이 스니커즈 EBAL167108+65330,87400
유알에이치,사이즈조절 러닝 헤어밴드 스포츠 머리띠 헤드밴드 URH - A - 006 - OTC - CH,29700
무신사 스탠다드,솔리드 CP 커브드 치노 팬츠 (4 colors),49900
피렌체 아뜨리에,[SECOND.A] 스탠다드 라운드토 더비슈즈 2NDF2200GB [BLACK],89600
브라운브레스,TAG TEE - OFF WHITE,45000
낫포너드,After Collapse Regular Fit T-Shirts - Black,44100
에잇세컨즈,체크 스모킹 셔츠 - 라이트 그레이,44900
포테,0014 3-Way 플로우 백_저지 그레이,132050
엘엠씨,WIDE CARGO SHORTS leopard,89100
랄,빈티지 스트라이프 보더 티_네이비,89000
디키즈,247 루즈핏 워크팬츠 Navy Blue,89000
데상트,우먼스 러닝 반팔 티셔츠 블랙 SR122RTS32,89000
디키즈,워시드 트윌 카고 쇼츠 Dyed Camo,89000
더티스,SHEER LACE BUTTON T-SHIRT_TT6S204NY,89000
브라운브레스,COLOR BLOCK RUGBY TEE - NAVY,89000
르나브,esy rainy neck wind Jacket (화이트),131400
레더리,오션 헤이즈 오버핏 반팔 티셔츠 [BLACK],35100
하이픈,매티 실크핏 남녀공용 반팔 잠옷 세트,29900
룰루레몬,더 매트 5mm *천연고무 사용 MHWL WILO,125000
룰루레몬,더 매트 5mm *천연고무 사용 BLK WHT BLK,125000
디아도라,이큅 워싱 데님 3.5부 스웻 쇼츠 우먼 BLUE,84550
로라로라,DOT MINI SKIRT WHITE,84500
로라로라,DOT MINI SKIRT BLACK,84500
에노시,ENOSI Angel Logo T-SHIRT White,42000
